student,chapter,attempt,concept,correct,total,accuracy
Abdullah,1,1,Fractions_Represent,1,1,92.71086576838387
Abdullah,1,1,Fractions_Equivalent,1,1,78.3966800726232
Abdullah,1,1,Fractions_Compare,1,1,85.81823576821964
Abdullah,1,1,Fractions_Decimal,1,1,100.0
Abdullah,1,1,Fractions_Simplify,1,1,71.03360383682333
Abdullah,1,2,Fractions_Represent,1,1,84.0595472275645
Abdullah,1,2,Fractions_Equivalent,1,1,82.05975904543747
Abdullah,1,2,Fractions_Compare,1,1,86.73317650691878
Abdullah,1,2,Fractions_Decimal,1,1,99.42196526740821
Abdullah,1,2,Fractions_Simplify,1,1,82.37963228493669
Abdullah,2,1,Decimals_PlaceValue,1,1,86.46253400316787
Abdullah,2,1,Decimals_Compare,1,1,88.53669776025264
Abdullah,2,1,Decimals_Operations,1,1,94.7039881608599
Abdullah,2,1,Decimals_ToFraction,1,1,88.71002069210836
Abdullah,2,1,Decimals_Round,1,1,73.92949391670666
Abdullah,2,2,Decimals_PlaceValue,1,1,74.36980206225735
Abdullah,2,2,Decimals_Compare,1,1,79.6636622451708
Abdullah,2,2,Decimals_Operations,1,1,87.57514989836821
Abdullah,2,2,Decimals_ToFraction,1,1,70.80711196783389
Abdullah,2,2,Decimals_Round,1,1,71.41657326383276
Abdullah,3,1,Percent_Basics,1,1,81.83742705874567
Abdullah,3,1,Percent_ToFraction,1,1,73.21220398715157
Abdullah,3,1,Percent_WordProblems,1,1,100.0
Abdullah,3,1,Percent_OfQuantity,1,1,87.68522113875672
Abdullah,3,1,Percent_Change,1,1,84.64814294532185
Abdullah,3,2,Percent_Basics,1,1,82.83696105525635
Abdullah,3,2,Percent_ToFraction,1,1,87.73397654301364
Abdullah,3,2,Percent_WordProblems,1,1,75.35165311735393
Abdullah,3,2,Percent_OfQuantity,1,1,88.74552778430944
Abdullah,3,2,Percent_Change,1,1,91.33621237193321
Abdullah,4,1,Ratio_Basics,1,1,92.16023650004868
Abdullah,4,1,Ratio_Simplify,1,1,98.58787504704223
Abdullah,4,1,Proportion,1,1,72.9350780356343
Abdullah,4,1,Ratio_WordProblems,1,1,93.85348422562605
Abdullah,4,1,Rate,1,1,83.42401150346694
Abdullah,4,2,Ratio_Basics,1,1,79.2814234495486
Abdullah,4,2,Ratio_Simplify,1,1,100.0
Abdullah,4,2,Proportion,1,1,93.92287377350222
Abdullah,4,2,Ratio_WordProblems,1,1,100.0
Abdullah,4,2,Rate,1,1,100.0
Abdullah,5,1,Algebra_Variables,1,1,91.12065302827963
Abdullah,5,1,Algebra_Equations,1,1,88.53912840833397
Abdullah,5,1,Algebra_Substitution,1,1,84.29605640872515
Abdullah,5,1,Algebra_Expressions,1,1,85.23782841278397
Abdullah,5,1,Solve_for_x,1,1,83.13594400160923
Abdullah,5,2,Algebra_Variables,1,1,97.41698149541732
Abdullah,5,2,Algebra_Equations,1,1,100.0
Abdullah,5,2,Algebra_Substitution,1,1,100.0
Abdullah,5,2,Algebra_Expressions,1,1,94.2765136229014
Abdullah,5,2,Solve_for_x,1,1,94.30857457569034
Abdulaziz,1,1,Fractions_Represent,1,1,94.61286352646208
Abdulaziz,1,1,Fractions_Equivalent,1,1,100.0
Abdulaziz,1,1,Fractions_Compare,1,1,95.99745498466874
Abdulaziz,1,1,Fractions_Decimal,1,1,88.97942930021726
Abdulaziz,1,1,Fractions_Simplify,1,1,87.05485769736936
Abdulaziz,1,2,Fractions_Represent,1,1,90.79122693303664
Abdulaziz,1,2,Fractions_Equivalent,1,1,79.65759279873336
Abdulaziz,1,2,Fractions_Compare,1,1,88.19427530528992
Abdulaziz,1,2,Fractions_Decimal,1,1,77.4613982458129
Abdulaziz,1,2,Fractions_Simplify,1,1,93.11008152338223
Abdulaziz,2,1,Decimals_PlaceValue,1,1,80.59912712374773
Abdulaziz,2,1,Decimals_Compare,1,1,95.60770271023651
Abdulaziz,2,1,Decimals_Operations,1,1,92.26955860939975
Abdulaziz,2,1,Decimals_ToFraction,1,1,100.0
Abdulaziz,2,1,Decimals_Round,1,1,88.19790897533606
Abdulaziz,2,2,Decimals_PlaceValue,1,1,87.79246403197796
Abdulaziz,2,2,Decimals_Compare,1,1,100.0
Abdulaziz,2,2,Decimals_Operations,1,1,99.72563912359364
Abdulaziz,2,2,Decimals_ToFraction,1,1,93.24536365093029
Abdulaziz,2,2,Decimals_Round,1,1,100.0
Abdulaziz,3,1,Percent_Basics,1,1,80.68706448271897
Abdulaziz,3,1,Percent_ToFraction,1,1,81.15720936544955
Abdulaziz,3,1,Percent_WordProblems,1,1,82.32046821128024
Abdulaziz,3,1,Percent_OfQuantity,0,1,65.98826664783651
Abdulaziz,3,1,Percent_Change,1,1,84.2932454516933
Abdulaziz,3,2,Percent_Basics,1,1,82.06822099406715
Abdulaziz,3,2,Percent_ToFraction,1,1,89.02976329739425
Abdulaziz,3,2,Percent_WordProblems,1,1,98.92149086273407
Abdulaziz,3,2,Percent_OfQuantity,1,1,100.0
Abdulaziz,3,2,Percent_Change,1,1,97.14142579496287
Abdulaziz,4,1,Ratio_Basics,1,1,83.78523637729648
Abdulaziz,4,1,Ratio_Simplify,1,1,92.09302193524204
Abdulaziz,4,1,Proportion,1,1,100.0
Abdulaziz,4,1,Ratio_WordProblems,1,1,78.55245803407357
Abdulaziz,4,1,Rate,1,1,92.54653602712393
Abdulaziz,4,2,Ratio_Basics,1,1,92.42448327052949
Abdulaziz,4,2,Ratio_Simplify,1,1,100.0
Abdulaziz,4,2,Proportion,1,1,94.6794887063611
Abdulaziz,4,2,Ratio_WordProblems,1,1,100.0
Abdulaziz,4,2,Rate,1,1,100.0
Abdulaziz,5,1,Algebra_Variables,1,1,72.41179963246208
Abdulaziz,5,1,Algebra_Equations,1,1,79.40516451928251
Abdulaziz,5,1,Algebra_Substitution,1,1,88.55613290632974
Abdulaziz,5,1,Algebra_Expressions,0,1,52.211933584234814
Abdulaziz,5,1,Solve_for_x,1,1,72.7349664621972
Abdulaziz,5,2,Algebra_Variables,1,1,79.81246112146277
Abdulaziz,5,2,Algebra_Equations,1,1,72.45113550141991
Abdulaziz,5,2,Algebra_Substitution,1,1,82.06053611900785
Abdulaziz,5,2,Algebra_Expressions,1,1,77.06228707868048
Abdulaziz,5,2,Solve_for_x,0,1,67.2542381425523
Fahad,1,1,Fractions_Represent,1,1,95.76705733917377
Fahad,1,1,Fractions_Equivalent,1,1,91.76889289383271
Fahad,1,1,Fractions_Compare,1,1,90.0266924329192
Fahad,1,1,Fractions_Decimal,1,1,83.60931890907118
Fahad,1,1,Fractions_Simplify,1,1,86.25837440355438
Fahad,1,2,Fractions_Represent,1,1,97.80346341329845
Fahad,1,2,Fractions_Equivalent,1,1,76.08041846867393
Fahad,1,2,Fractions_Compare,0,1,69.51592931352695
Fahad,1,2,Fractions_Decimal,1,1,100.0
Fahad,1,2,Fractions_Simplify,1,1,94.25264646572124
Fahad,2,1,Decimals_PlaceValue,1,1,100.0
Fahad,2,1,Decimals_Compare,1,1,81.64712114695624
Fahad,2,1,Decimals_Operations,1,1,79.1651324568652
Fahad,2,1,Decimals_ToFraction,1,1,87.78583212031465
Fahad,2,1,Decimals_Round,1,1,99.72592094605406
Fahad,2,2,Decimals_PlaceValue,1,1,86.53150249403232
Fahad,2,2,Decimals_Compare,1,1,100.0
Fahad,2,2,Decimals_Operations,1,1,92.23784989760678
Fahad,2,2,Decimals_ToFraction,1,1,100.0
Fahad,2,2,Decimals_Round,1,1,88.64414889478779
Fahad,3,1,Percent_Basics,1,1,95.49406793939545
Fahad,3,1,Percent_ToFraction,1,1,89.42196186030554
Fahad,3,1,Percent_WordProblems,1,1,95.0825987988339
Fahad,3,1,Percent_OfQuantity,1,1,100.0
Fahad,3,1,Percent_Change,1,1,92.63614171734383
Fahad,3,2,Percent_Basics,1,1,93.85488082056712
Fahad,3,2,Percent_ToFraction,1,1,81.81828460184224
Fahad,3,2,Percent_WordProblems,1,1,85.3001082828092
Fahad,3,2,Percent_OfQuantity,1,1,81.55157640502519
Fahad,3,2,Percent_Change,1,1,79.47222983515557
Fahad,4,1,Ratio_Basics,1,1,93.55446062336382
Fahad,4,1,Ratio_Simplify,1,1,100.0
Fahad,4,1,Proportion,1,1,100.0
Fahad,4,1,Ratio_WordProblems,1,1,96.41882206282986
Fahad,4,1,Rate,1,1,82.35184153783688
Fahad,4,2,Ratio_Basics,1,1,90.65387385497117
Fahad,4,2,Ratio_Simplify,1,1,92.48236695419087
Fahad,4,2,Proportion,1,1,100.0
Fahad,4,2,Ratio_WordProblems,1,1,78.04514858337423
Fahad,4,2,Rate,1,1,97.99626907217737
Fahad,5,1,Algebra_Variables,1,1,82.9174905346188
Fahad,5,1,Algebra_Equations,1,1,86.85068312978282
Fahad,5,1,Algebra_Substitution,1,1,81.36219625214676
Fahad,5,1,Algebra_Expressions,1,1,74.14020768129012
Fahad,5,1,Solve_for_x,1,1,75.54285639619458
Fahad,5,2,Algebra_Variables,1,1,85.57743747812928
Fahad,5,2,Algebra_Equations,1,1,86.96386667490081
Fahad,5,2,Algebra_Substitution,1,1,96.13129348674717
Fahad,5,2,Algebra_Expressions,1,1,92.37287625789723
Fahad,5,2,Solve_for_x,1,1,100.0
Faisal,1,1,Fractions_Represent,1,1,76.04785963636162
Faisal,1,1,Fractions_Equivalent,1,1,78.77809031029207
Faisal,1,1,Fractions_Compare,0,1,69.42074053461735
Faisal,1,1,Fractions_Decimal,1,1,85.65858346620197
Faisal,1,1,Fractions_Simplify,0,1,68.41502810826002
Faisal,1,2,Fractions_Represent,1,1,100.0
Faisal,1,2,Fractions_Equivalent,1,1,100.0
Faisal,1,2,Fractions_Compare,1,1,100.0
Faisal,1,2,Fractions_Decimal,1,1,95.23680302768662
Faisal,1,2,Fractions_Simplify,1,1,92.1572664452444
Faisal,2,1,Decimals_PlaceValue,1,1,74.07063647597316
Faisal,2,1,Decimals_Compare,1,1,94.55024253763463
Faisal,2,1,Decimals_Operations,1,1,88.81256852808333
Faisal,2,1,Decimals_ToFraction,1,1,90.72649441294321
Faisal,2,1,Decimals_Round,1,1,78.18728221293921
Faisal,2,2,Decimals_PlaceValue,1,1,100.0
Faisal,2,2,Decimals_Compare,1,1,93.13508305313405
Faisal,2,2,Decimals_Operations,1,1,83.73761411944493
Faisal,2,2,Decimals_ToFraction,1,1,76.74737299186742
Faisal,2,2,Decimals_Round,1,1,100.0
Faisal,3,1,Percent_Basics,1,1,84.2008021684
Faisal,3,1,Percent_ToFraction,1,1,89.38798221063492
Faisal,3,1,Percent_WordProblems,1,1,86.50030313674048
Faisal,3,1,Percent_OfQuantity,1,1,87.10825427901294
Faisal,3,1,Percent_Change,1,1,91.51624827785832
Faisal,3,2,Percent_Basics,1,1,88.84681304623844
Faisal,3,2,Percent_ToFraction,1,1,92.15035226907696
Faisal,3,2,Percent_WordProblems,1,1,100.0
Faisal,3,2,Percent_OfQuantity,1,1,90.3897726689518
Faisal,3,2,Percent_Change,1,1,96.68659891428455
Faisal,4,1,Ratio_Basics,1,1,83.20111265284872
Faisal,4,1,Ratio_Simplify,1,1,75.81092340148997
Faisal,4,1,Proportion,1,1,70.88262677882742
Faisal,4,1,Ratio_WordProblems,1,1,73.63686413419443
Faisal,4,1,Rate,1,1,71.99072240523877
Faisal,4,2,Ratio_Basics,1,1,100.0
Faisal,4,2,Ratio_Simplify,1,1,91.78660697207417
Faisal,4,2,Proportion,1,1,92.44915278226905
Faisal,4,2,Ratio_WordProblems,1,1,92.79135190822241
Faisal,4,2,Rate,1,1,93.43295945490293
Faisal,5,1,Algebra_Variables,1,1,81.67325784358304
Faisal,5,1,Algebra_Equations,1,1,100.0
Faisal,5,1,Algebra_Substitution,1,1,95.93196156049775
Faisal,5,1,Algebra_Expressions,1,1,97.73804034638185
Faisal,5,1,Solve_for_x,1,1,95.56079433146625
Faisal,5,2,Algebra_Variables,1,1,91.72408944974764
Faisal,5,2,Algebra_Equations,1,1,95.86659820566437
Faisal,5,2,Algebra_Substitution,1,1,99.57682049025374
Faisal,5,2,Algebra_Expressions,1,1,96.22009770877806
Faisal,5,2,Solve_for_x,1,1,91.52865922859432
Rayan,1,1,Fractions_Represent,1,1,84.25561171547224
Rayan,1,1,Fractions_Equivalent,1,1,95.8997000643345
Rayan,1,1,Fractions_Compare,1,1,86.29109246604834
Rayan,1,1,Fractions_Decimal,1,1,94.1748413543194
Rayan,1,1,Fractions_Simplify,1,1,76.09689134067263
Rayan,1,2,Fractions_Represent,1,1,70.42860822464189
Rayan,1,2,Fractions_Equivalent,1,1,78.7629737410926
Rayan,1,2,Fractions_Compare,1,1,74.86333892714032
Rayan,1,2,Fractions_Decimal,1,1,89.7694232585481
Rayan,1,2,Fractions_Simplify,1,1,80.90237984143619
Rayan,2,1,Decimals_PlaceValue,1,1,91.6267268742308
Rayan,2,1,Decimals_Compare,1,1,96.53224073882663
Rayan,2,1,Decimals_Operations,1,1,88.47858709430362
Rayan,2,1,Decimals_ToFraction,1,1,89.76492582842174
Rayan,2,1,Decimals_Round,1,1,85.99311030101354
Rayan,2,2,Decimals_PlaceValue,1,1,79.91850563871637
Rayan,2,2,Decimals_Compare,1,1,86.77346624132848
Rayan,2,2,Decimals_Operations,1,1,97.32472856647344
Rayan,2,2,Decimals_ToFraction,1,1,76.6725635585208
Rayan,2,2,Decimals_Round,1,1,83.55588094557548
Rayan,3,1,Percent_Basics,1,1,100.0
Rayan,3,1,Percent_ToFraction,1,1,93.69552230568951
Rayan,3,1,Percent_WordProblems,0,1,65.10037778076833
Rayan,3,1,Percent_OfQuantity,1,1,91.1998819102091
Rayan,3,1,Percent_Change,1,1,86.18040273964935
Rayan,3,2,Percent_Basics,1,1,85.79873299686281
Rayan,3,2,Percent_ToFraction,1,1,94.05519970265632
Rayan,3,2,Percent_WordProblems,1,1,93.80864592646597
Rayan,3,2,Percent_OfQuantity,1,1,100.0
Rayan,3,2,Percent_Change,1,1,100.0
Rayan,4,1,Ratio_Basics,0,1,65.99190294269295
Rayan,4,1,Ratio_Simplify,1,1,90.79848258779876
Rayan,4,1,Proportion,1,1,88.82261988875521
Rayan,4,1,Ratio_WordProblems,1,1,79.4659643383449
Rayan,4,1,Rate,1,1,78.1414330985359
Rayan,4,2,Ratio_Basics,1,1,86.36174702474857
Rayan,4,2,Ratio_Simplify,1,1,86.65781536587804
Rayan,4,2,Proportion,1,1,88.66826978454897
Rayan,4,2,Ratio_WordProblems,1,1,79.80276959326035
Rayan,4,2,Rate,1,1,97.29358869405387
Rayan,5,1,Algebra_Variables,1,1,94.07134510741253
Rayan,5,1,Algebra_Equations,1,1,83.14710349660956
Rayan,5,1,Algebra_Substitution,1,1,88.63806333272636
Rayan,5,1,Algebra_Expressions,1,1,94.39631271027764
Rayan,5,1,Solve_for_x,1,1,100.0
Rayan,5,2,Algebra_Variables,1,1,89.55495014121942
Rayan,5,2,Algebra_Equations,1,1,84.01272570826261
Rayan,5,2,Algebra_Substitution,1,1,100.0
Rayan,5,2,Algebra_Expressions,1,1,100.0
Rayan,5,2,Solve_for_x,1,1,87.40745463411824
Omar,1,1,Fractions_Represent,0,1,65.29695426818166
Omar,1,1,Fractions_Equivalent,0,1,66.59894889013822
Omar,1,1,Fractions_Compare,1,1,81.55807215668699
Omar,1,1,Fractions_Decimal,1,1,74.88265072212285
Omar,1,1,Fractions_Simplify,1,1,78.58057883973787
Omar,1,2,Fractions_Represent,1,1,77.3701852255551
Omar,1,2,Fractions_Equivalent,1,1,96.87173744993196
Omar,1,2,Fractions_Compare,1,1,93.56292515952799
Omar,1,2,Fractions_Decimal,1,1,82.98373422746134
Omar,1,2,Fractions_Simplify,1,1,79.53251693158778
Omar,2,1,Decimals_PlaceValue,1,1,73.16457299039806
Omar,2,1,Decimals_Compare,1,1,70.38747708450747
Omar,2,1,Decimals_Operations,1,1,76.12488385378906
Omar,2,1,Decimals_ToFraction,1,1,72.0611003966566
Omar,2,1,Decimals_Round,0,1,66.40784899562263
Omar,2,2,Decimals_PlaceValue,0,1,64.41402331305969
Omar,2,2,Decimals_Compare,0,1,60.42678715423878
Omar,2,2,Decimals_Operations,1,1,72.15478310304118
Omar,2,2,Decimals_ToFraction,0,1,66.51293027392555
Omar,2,2,Decimals_Round,0,1,64.21212237501135
Omar,3,1,Percent_Basics,0,1,43.1159849011336
Omar,3,1,Percent_ToFraction,0,1,56.41650041727112
Omar,3,1,Percent_WordProblems,1,1,70.17748003148446
Omar,3,1,Percent_OfQuantity,0,1,62.20888616891415
Omar,3,1,Percent_Change,0,1,51.430113085868044
Omar,3,2,Percent_Basics,1,1,88.76362431894235
Omar,3,2,Percent_ToFraction,1,1,75.44299323535074
Omar,3,2,Percent_WordProblems,1,1,93.84421722738574
Omar,3,2,Percent_OfQuantity,1,1,84.16503922640534
Omar,3,2,Percent_Change,1,1,80.31508879179762
Omar,4,1,Ratio_Basics,0,1,56.55549037605607
Omar,4,1,Ratio_Simplify,0,1,62.775357837187656
Omar,4,1,Proportion,0,1,58.48249991885641
Omar,4,1,Ratio_WordProblems,0,1,44.89223511457104
Omar,4,1,Rate,0,1,59.32272760602827
Omar,4,2,Ratio_Basics,1,1,80.6965412316536
Omar,4,2,Ratio_Simplify,0,1,51.748550539318416
Omar,4,2,Proportion,0,1,54.11937713852224
Omar,4,2,Ratio_WordProblems,1,1,71.45798985741035
Omar,4,2,Rate,0,1,45.929548736594896
Omar,5,1,Algebra_Variables,1,1,74.71863923007969
Omar,5,1,Algebra_Equations,1,1,74.58925907524431
Omar,5,1,Algebra_Substitution,0,1,55.78341754045579
Omar,5,1,Algebra_Expressions,0,1,62.97706227445474
Omar,5,1,Solve_for_x,1,1,74.59065719991723
Omar,5,2,Algebra_Variables,1,1,91.91937295714254
Omar,5,2,Algebra_Equations,1,1,81.81530903725226
Omar,5,2,Algebra_Substitution,1,1,81.21711992518469
Omar,5,2,Algebra_Expressions,1,1,76.22709290123638
Omar,5,2,Solve_for_x,1,1,79.68372732810526
Nasser,1,1,Fractions_Represent,0,1,62.42472579480933
Nasser,1,1,Fractions_Equivalent,0,1,63.4336378540896
Nasser,1,1,Fractions_Compare,0,1,63.48119015680845
Nasser,1,1,Fractions_Decimal,0,1,58.34066307926592
Nasser,1,1,Fractions_Simplify,0,1,54.31172703472934
Nasser,1,2,Fractions_Represent,1,1,74.30798965818447
Nasser,1,2,Fractions_Equivalent,1,1,97.61701371274813
Nasser,1,2,Fractions_Compare,1,1,90.58119776637535
Nasser,1,2,Fractions_Decimal,0,1,69.84817293511622
Nasser,1,2,Fractions_Simplify,1,1,87.83540280189695
Nasser,2,1,Decimals_PlaceValue,1,1,76.567997410657
Nasser,2,1,Decimals_Compare,1,1,83.64475100460035
Nasser,2,1,Decimals_Operations,1,1,75.28007676093573
Nasser,2,1,Decimals_ToFraction,0,1,64.42242178441606
Nasser,2,1,Decimals_Round,1,1,71.4494451380817
Nasser,2,2,Decimals_PlaceValue,1,1,86.81547876988154
Nasser,2,2,Decimals_Compare,1,1,90.46032676695744
Nasser,2,2,Decimals_Operations,1,1,74.37257990038755
Nasser,2,2,Decimals_ToFraction,1,1,93.00378273266384
Nasser,2,2,Decimals_Round,1,1,85.12171472546977
Nasser,3,1,Percent_Basics,0,1,44.81756429752828
Nasser,3,1,Percent_ToFraction,0,1,64.8149901374387
Nasser,3,1,Percent_WordProblems,0,1,58.75191352311859
Nasser,3,1,Percent_OfQuantity,0,1,60.20925467772872
Nasser,3,1,Percent_Change,0,1,67.45786396945016
Nasser,3,2,Percent_Basics,1,1,90.41293801093217
Nasser,3,2,Percent_ToFraction,1,1,86.98028608084095
Nasser,3,2,Percent_WordProblems,1,1,87.58096895938912
Nasser,3,2,Percent_OfQuantity,1,1,91.5029088908007
Nasser,3,2,Percent_Change,1,1,93.04756945674234
Nasser,4,1,Ratio_Basics,1,1,77.15585763777318
Nasser,4,1,Ratio_Simplify,1,1,77.40945029530563
Nasser,4,1,Proportion,1,1,74.53782148315439
Nasser,4,1,Ratio_WordProblems,1,1,71.8107860411205
Nasser,4,1,Rate,1,1,74.18336846762995
Nasser,4,2,Ratio_Basics,1,1,83.90319237796534
Nasser,4,2,Ratio_Simplify,0,1,55.657438742647976
Nasser,4,2,Proportion,1,1,71.69303080257954
Nasser,4,2,Ratio_WordProblems,1,1,78.85306083649186
Nasser,4,2,Rate,1,1,70.17357919580668
Nasser,5,1,Algebra_Variables,1,1,72.73681448144742
Nasser,5,1,Algebra_Equations,1,1,76.62079082364997
Nasser,5,1,Algebra_Substitution,1,1,83.30706136785011
Nasser,5,1,Algebra_Expressions,1,1,77.41205423044092
Nasser,5,1,Solve_for_x,0,1,69.73963316365808
Nasser,5,2,Algebra_Variables,1,1,84.94243940137856
Nasser,5,2,Algebra_Equations,1,1,79.43465668466476
Nasser,5,2,Algebra_Substitution,1,1,86.06635054124077
Nasser,5,2,Algebra_Expressions,1,1,83.61579782588801
Nasser,5,2,Solve_for_x,1,1,84.8909618676644
Nawaf,1,1,Fractions_Represent,1,1,77.25073742820305
Nawaf,1,1,Fractions_Equivalent,1,1,76.63084132143435
Nawaf,1,1,Fractions_Compare,1,1,77.63189874364268
Nawaf,1,1,Fractions_Decimal,0,1,67.15143450996797
Nawaf,1,1,Fractions_Simplify,1,1,91.93823105280784
Nawaf,1,2,Fractions_Represent,1,1,72.45482634259572
Nawaf,1,2,Fractions_Equivalent,0,1,67.3485677206637
Nawaf,1,2,Fractions_Compare,0,1,68.5734986804583
Nawaf,1,2,Fractions_Decimal,1,1,73.67549118128117
Nawaf,1,2,Fractions_Simplify,0,1,63.455594370308454
Nawaf,2,1,Decimals_PlaceValue,1,1,73.29887668324453
Nawaf,2,1,Decimals_Compare,1,1,72.78120760669549
Nawaf,2,1,Decimals_Operations,1,1,86.52048282452112
Nawaf,2,1,Decimals_ToFraction,1,1,82.54869540011367
Nawaf,2,1,Decimals_Round,1,1,73.39568678420964
Nawaf,2,2,Decimals_PlaceValue,1,1,92.74146406972528
Nawaf,2,2,Decimals_Compare,1,1,100.0
Nawaf,2,2,Decimals_Operations,1,1,100.0
Nawaf,2,2,Decimals_ToFraction,1,1,90.12054435665071
Nawaf,2,2,Decimals_Round,1,1,91.29258941253656
Nawaf,3,1,Percent_Basics,0,1,69.60760912423123
Nawaf,3,1,Percent_ToFraction,1,1,74.67819293011206
Nawaf,3,1,Percent_WordProblems,0,1,60.70228703068187
Nawaf,3,1,Percent_OfQuantity,0,1,58.017141525198994
Nawaf,3,1,Percent_Change,0,1,65.84236192183741
Nawaf,3,2,Percent_Basics,1,1,92.86962652952701
Nawaf,3,2,Percent_ToFraction,0,1,60.80017215513077
Nawaf,3,2,Percent_WordProblems,1,1,70.40742380550974
Nawaf,3,2,Percent_OfQuantity,1,1,82.11556535696519
Nawaf,3,2,Percent_Change,1,1,90.21063155053778
Nawaf,4,1,Ratio_Basics,0,1,56.71207867450001
Nawaf,4,1,Ratio_Simplify,0,1,51.15034276209637
Nawaf,4,1,Proportion,0,1,63.06223445639461
Nawaf,4,1,Ratio_WordProblems,0,1,68.4739675521264
Nawaf,4,1,Rate,0,1,59.12001406501394
Nawaf,4,2,Ratio_Basics,1,1,72.92516674386853
Nawaf,4,2,Ratio_Simplify,1,1,76.59943689839537
Nawaf,4,2,Proportion,1,1,74.34137780880997
Nawaf,4,2,Ratio_WordProblems,1,1,75.8162070070066
Nawaf,4,2,Rate,1,1,77.47764533252597
Nawaf,5,1,Algebra_Variables,0,1,56.533961138144676
Nawaf,5,1,Algebra_Equations,0,1,61.213988242836194
Nawaf,5,1,Algebra_Substitution,0,1,52.23362662542513
Nawaf,5,1,Algebra_Expressions,0,1,65.07770738843261
Nawaf,5,1,Solve_for_x,0,1,60.618555784850855
Nawaf,5,2,Algebra_Variables,1,1,80.82611236808118
Nawaf,5,2,Algebra_Equations,1,1,76.24292013323598
Nawaf,5,2,Algebra_Substitution,1,1,92.7381827450746
Nawaf,5,2,Algebra_Expressions,1,1,84.67676394505851
Nawaf,5,2,Solve_for_x,1,1,78.21345145382843
Hamad,1,1,Fractions_Represent,0,1,55.75870021980848
Hamad,1,1,Fractions_Equivalent,1,1,81.72851875100511
Hamad,1,1,Fractions_Compare,0,1,56.5837819996418
Hamad,1,1,Fractions_Decimal,0,1,66.84651695227588
Hamad,1,1,Fractions_Simplify,1,1,80.94832803198507
Hamad,1,2,Fractions_Represent,1,1,96.63782869145857
Hamad,1,2,Fractions_Equivalent,1,1,86.57659104715499
Hamad,1,2,Fractions_Compare,0,1,68.23500073132911
Hamad,1,2,Fractions_Decimal,1,1,81.47993155489317
Hamad,1,2,Fractions_Simplify,1,1,79.48948197713165
Hamad,2,1,Decimals_PlaceValue,1,1,73.16893618613994
Hamad,2,1,Decimals_Compare,0,1,66.17890550013388
Hamad,2,1,Decimals_Operations,1,1,79.44489710253836
Hamad,2,1,Decimals_ToFraction,0,1,55.10271284760457
Hamad,2,1,Decimals_Round,0,1,67.08303893476727
Hamad,2,2,Decimals_PlaceValue,1,1,83.04296678980037
Hamad,2,2,Decimals_Compare,1,1,82.22768564679616
Hamad,2,2,Decimals_Operations,1,1,79.09924374292751
Hamad,2,2,Decimals_ToFraction,1,1,80.00165468644347
Hamad,2,2,Decimals_Round,1,1,85.1548034684915
Hamad,3,1,Percent_Basics,1,1,71.02644099175636
Hamad,3,1,Percent_ToFraction,1,1,79.45499020086265
Hamad,3,1,Percent_WordProblems,1,1,77.97617403789674
Hamad,3,1,Percent_OfQuantity,1,1,76.02336923054828
Hamad,3,1,Percent_Change,1,1,77.03583931723055
Hamad,3,2,Percent_Basics,1,1,74.7271146673016
Hamad,3,2,Percent_ToFraction,0,1,56.2837453227926
Hamad,3,2,Percent_WordProblems,1,1,71.30365723078461
Hamad,3,2,Percent_OfQuantity,1,1,73.42790961987693
Hamad,3,2,Percent_Change,0,1,65.18297775329637
Hamad,4,1,Ratio_Basics,0,1,61.311047593082606
Hamad,4,1,Ratio_Simplify,0,1,63.947488127696516
Hamad,4,1,Proportion,0,1,50.1838394564234
Hamad,4,1,Ratio_WordProblems,0,1,66.61441330206684
Hamad,4,1,Rate,1,1,72.43706908542222
Hamad,4,2,Ratio_Basics,1,1,81.96150366011003
Hamad,4,2,Ratio_Simplify,0,1,60.850535327596724
Hamad,4,2,Proportion,1,1,72.3816472256617
Hamad,4,2,Ratio_WordProblems,1,1,79.86292654171682
Hamad,4,2,Rate,0,1,68.74375434563483
Hamad,5,1,Algebra_Variables,0,1,59.59962392550494
Hamad,5,1,Algebra_Equations,0,1,66.10075252974738
Hamad,5,1,Algebra_Substitution,0,1,59.36111767952563
Hamad,5,1,Algebra_Expressions,1,1,77.07269935138062
Hamad,5,1,Solve_for_x,0,1,62.25052329464659
Hamad,5,2,Algebra_Variables,1,1,92.5287324418054
Hamad,5,2,Algebra_Equations,1,1,98.6125387468303
Hamad,5,2,Algebra_Substitution,1,1,77.58721229386344
Hamad,5,2,Algebra_Expressions,1,1,81.7535444457505
Hamad,5,2,Solve_for_x,1,1,82.2334813189866
Majed,1,1,Fractions_Represent,1,1,79.90747314604216
Majed,1,1,Fractions_Equivalent,0,1,53.967028428013116
Majed,1,1,Fractions_Compare,0,1,62.44590337540857
Majed,1,1,Fractions_Decimal,0,1,60.35351852270022
Majed,1,1,Fractions_Simplify,0,1,50.62125117937971
Majed,1,2,Fractions_Represent,0,1,66.46716712104366
Majed,1,2,Fractions_Equivalent,0,1,64.42663015248581
Majed,1,2,Fractions_Compare,0,1,57.630983688063594
Majed,1,2,Fractions_Decimal,0,1,66.44188611490577
Majed,1,2,Fractions_Simplify,0,1,42.22202119117286
Majed,2,1,Decimals_PlaceValue,1,1,71.35199233140379
Majed,2,1,Decimals_Compare,1,1,83.51315558496503
Majed,2,1,Decimals_Operations,0,1,56.33167314344104
Majed,2,1,Decimals_ToFraction,1,1,73.92413823000811
Majed,2,1,Decimals_Round,1,1,83.09832273510312
Majed,2,2,Decimals_PlaceValue,0,1,52.988108374732654
Majed,2,2,Decimals_Compare,1,1,71.76390615972986
Majed,2,2,Decimals_Operations,0,1,66.76483645092655
Majed,2,2,Decimals_ToFraction,0,1,57.81355596419074
Majed,2,2,Decimals_Round,0,1,61.0911220340204
Majed,3,1,Percent_Basics,0,1,62.559214013156385
Majed,3,1,Percent_ToFraction,1,1,72.35599732833137
Majed,3,1,Percent_WordProblems,1,1,77.41930635805352
Majed,3,1,Percent_OfQuantity,1,1,75.6080963934396
Majed,3,1,Percent_Change,1,1,70.51473931103932
Majed,3,2,Percent_Basics,1,1,81.8852347337728
Majed,3,2,Percent_ToFraction,1,1,82.93366205552238
Majed,3,2,Percent_WordProblems,1,1,75.47770467124278
Majed,3,2,Percent_OfQuantity,0,1,68.21736431268103
Majed,3,2,Percent_Change,1,1,92.52585791152622
Majed,4,1,Ratio_Basics,0,1,59.439186806573886
Majed,4,1,Ratio_Simplify,0,1,67.70172469678074
Majed,4,1,Proportion,0,1,68.25430565953913
Majed,4,1,Ratio_WordProblems,0,1,51.33406871993735
Majed,4,1,Rate,0,1,52.65680976605199
Majed,4,2,Ratio_Basics,0,1,56.18111389502802
Majed,4,2,Ratio_Simplify,0,1,64.51345550056185
Majed,4,2,Proportion,0,1,57.45805042858766
Majed,4,2,Ratio_WordProblems,0,1,54.02771144770229
Majed,4,2,Rate,0,1,53.63637541614493
Majed,5,1,Algebra_Variables,0,1,61.3099424488045
Majed,5,1,Algebra_Equations,0,1,57.95462294036117
Majed,5,1,Algebra_Substitution,0,1,60.109656238942854
Majed,5,1,Algebra_Expressions,0,1,65.22551634087125
Majed,5,1,Solve_for_x,0,1,52.636854492087835
Majed,5,2,Algebra_Variables,1,1,97.02928998135415
Majed,5,2,Algebra_Equations,0,1,65.52261963636099
Majed,5,2,Algebra_Substitution,1,1,76.26765205607855
Majed,5,2,Algebra_Expressions,1,1,86.2165955934808
Majed,5,2,Solve_for_x,1,1,75.87621878874633
Khaled,1,1,Fractions_Represent,0,1,67.56552268569403
Khaled,1,1,Fractions_Equivalent,0,1,62.00914860500492
Khaled,1,1,Fractions_Compare,1,1,77.42038216938839
Khaled,1,1,Fractions_Decimal,0,1,67.05428851879768
Khaled,1,1,Fractions_Simplify,1,1,74.33692452753513
Khaled,1,2,Fractions_Represent,1,1,73.5600550893143
Khaled,1,2,Fractions_Equivalent,1,1,74.66642061734356
Khaled,1,2,Fractions_Compare,1,1,93.72781711057863
Khaled,1,2,Fractions_Decimal,1,1,93.0498689335775
Khaled,1,2,Fractions_Simplify,1,1,76.03033182274834
Khaled,2,1,Decimals_PlaceValue,1,1,88.125536152144
Khaled,2,1,Decimals_Compare,1,1,75.80961154490815
Khaled,2,1,Decimals_Operations,1,1,77.01778554838891
Khaled,2,1,Decimals_ToFraction,0,1,62.258905171659805
Khaled,2,1,Decimals_Round,0,1,67.4018055467465
Khaled,2,2,Decimals_PlaceValue,1,1,74.63548599687962
Khaled,2,2,Decimals_Compare,0,1,66.65798409584859
Khaled,2,2,Decimals_Operations,0,1,60.644269745777784
Khaled,2,2,Decimals_ToFraction,0,1,69.16434121222277
Khaled,2,2,Decimals_Round,0,1,58.2796645115924
Khaled,3,1,Percent_Basics,0,1,57.7808057013026
Khaled,3,1,Percent_ToFraction,0,1,59.73152337477967
Khaled,3,1,Percent_WordProblems,0,1,46.75940646836169
Khaled,3,1,Percent_OfQuantity,0,1,61.260999400065174
Khaled,3,1,Percent_Change,0,1,61.60167671696055
Khaled,3,2,Percent_Basics,1,1,79.13387966502424
Khaled,3,2,Percent_ToFraction,0,1,63.83299058079203
Khaled,3,2,Percent_WordProblems,0,1,63.36059700341917
Khaled,3,2,Percent_OfQuantity,0,1,54.96825153238097
Khaled,3,2,Percent_Change,0,1,40.33179805574726
Khaled,4,1,Ratio_Basics,1,1,77.79011817635103
Khaled,4,1,Ratio_Simplify,0,1,55.298853327341575
Khaled,4,1,Proportion,0,1,67.60579050783805
Khaled,4,1,Ratio_WordProblems,1,1,73.0146470819814
Khaled,4,1,Rate,0,1,56.09001862828335
Khaled,4,2,Ratio_Basics,0,1,68.95393295139723
Khaled,4,2,Ratio_Simplify,1,1,85.4419235727487
Khaled,4,2,Proportion,1,1,80.45731699300683
Khaled,4,2,Ratio_WordProblems,1,1,82.11699883157473
Khaled,4,2,Rate,1,1,78.56504771362447
Khaled,5,1,Algebra_Variables,1,1,85.28043393104674
Khaled,5,1,Algebra_Equations,1,1,72.12132179177213
Khaled,5,1,Algebra_Substitution,1,1,77.98414487814004
Khaled,5,1,Algebra_Expressions,0,1,59.54313537320938
Khaled,5,1,Solve_for_x,1,1,73.89590119394359
Khaled,5,2,Algebra_Variables,1,1,84.09922462238099
Khaled,5,2,Algebra_Equations,1,1,90.10867889464684
Khaled,5,2,Algebra_Substitution,1,1,79.91136520642593
Khaled,5,2,Algebra_Expressions,1,1,96.80384412662508
Khaled,5,2,Solve_for_x,1,1,80.31887596948538
Turki,1,1,Fractions_Represent,0,1,54.69559973086962
Turki,1,1,Fractions_Equivalent,0,1,36.81135064978679
Turki,1,1,Fractions_Compare,0,1,57.84983444179429
Turki,1,1,Fractions_Decimal,0,1,61.81168280795472
Turki,1,1,Fractions_Simplify,0,1,52.306104470300724
Turki,1,2,Fractions_Represent,1,1,70.48111288179103
Turki,1,2,Fractions_Equivalent,0,1,67.38025445543386
Turki,1,2,Fractions_Compare,1,1,70.69900779492332
Turki,1,2,Fractions_Decimal,0,1,67.92907482337714
Turki,1,2,Fractions_Simplify,0,1,69.34566800219369
Turki,2,1,Decimals_PlaceValue,0,1,61.39217073515246
Turki,2,1,Decimals_Compare,0,1,63.793986051992896
Turki,2,1,Decimals_Operations,0,1,46.55397163855365
Turki,2,1,Decimals_ToFraction,0,1,53.983071063378105
Turki,2,1,Decimals_Round,0,1,56.2474065126013
Turki,2,2,Decimals_PlaceValue,1,1,86.53649169945156
Turki,2,2,Decimals_Compare,1,1,92.54361889219162
Turki,2,2,Decimals_Operations,1,1,81.43294344832256
Turki,2,2,Decimals_ToFraction,1,1,96.4133192387641
Turki,2,2,Decimals_Round,1,1,72.90613039398976
Turki,3,1,Percent_Basics,1,1,70.50647373936691
Turki,3,1,Percent_ToFraction,0,1,63.66444849482495
Turki,3,1,Percent_WordProblems,1,1,75.78740730612253
Turki,3,1,Percent_OfQuantity,1,1,75.03582533087447
Turki,3,1,Percent_Change,0,1,69.00862521777685
Turki,3,2,Percent_Basics,1,1,76.90879198274303
Turki,3,2,Percent_ToFraction,1,1,76.33791233688663
Turki,3,2,Percent_WordProblems,1,1,87.43925232053414
Turki,3,2,Percent_OfQuantity,1,1,97.94401318609309
Turki,3,2,Percent_Change,1,1,79.82499447692281
Turki,4,1,Ratio_Basics,0,1,57.90241863644762
Turki,4,1,Ratio_Simplify,0,1,68.45785478913389
Turki,4,1,Proportion,0,1,56.65804935111936
Turki,4,1,Ratio_WordProblems,0,1,50.47240549757804
Turki,4,1,Rate,0,1,56.68419241600654
Turki,4,2,Ratio_Basics,0,1,69.98911550947577
Turki,4,2,Ratio_Simplify,1,1,72.51792997452912
Turki,4,2,Proportion,1,1,82.37271729627679
Turki,4,2,Ratio_WordProblems,1,1,87.11633167962844
Turki,4,2,Rate,0,1,68.8452757040543
Turki,5,1,Algebra_Variables,1,1,80.94259483680425
Turki,5,1,Algebra_Equations,1,1,78.66593916716555
Turki,5,1,Algebra_Substitution,0,1,67.9047665456044
Turki,5,1,Algebra_Expressions,1,1,79.68971137846769
Turki,5,1,Solve_for_x,1,1,84.94709783326823
Turki,5,2,Algebra_Variables,1,1,81.37677595230643
Turki,5,2,Algebra_Equations,1,1,89.45180800491238
Turki,5,2,Algebra_Substitution,1,1,78.73522445887521
Turki,5,2,Algebra_Expressions,1,1,84.60465853639809
Turki,5,2,Solve_for_x,0,1,67.99808198531461
Sultan,1,1,Fractions_Represent,0,1,57.922511180314515
Sultan,1,1,Fractions_Equivalent,0,1,63.18004672571757
Sultan,1,1,Fractions_Compare,0,1,36.4839330614319
Sultan,1,1,Fractions_Decimal,0,1,49.73274643414342
Sultan,1,1,Fractions_Simplify,0,1,48.89088430062009
Sultan,1,2,Fractions_Represent,1,1,86.36868208481403
Sultan,1,2,Fractions_Equivalent,1,1,90.8549203988648
Sultan,1,2,Fractions_Compare,1,1,78.58410390100639
Sultan,1,2,Fractions_Decimal,1,1,91.06364224397214
Sultan,1,2,Fractions_Simplify,1,1,74.24394381723977
Sultan,2,1,Decimals_PlaceValue,1,1,72.31258350402997
Sultan,2,1,Decimals_Compare,1,1,85.19172560022959
Sultan,2,1,Decimals_Operations,1,1,75.26074852441819
Sultan,2,1,Decimals_ToFraction,0,1,68.61324319277607
Sultan,2,1,Decimals_Round,0,1,60.31655342580719
Sultan,2,2,Decimals_PlaceValue,0,1,60.996051998401356
Sultan,2,2,Decimals_Compare,1,1,73.44308904998209
Sultan,2,2,Decimals_Operations,1,1,70.03740349031264
Sultan,2,2,Decimals_ToFraction,0,1,63.026595960117284
Sultan,2,2,Decimals_Round,0,1,68.20868228178217
Sultan,3,1,Percent_Basics,1,1,86.14936071079732
Sultan,3,1,Percent_ToFraction,1,1,86.49382760851499
Sultan,3,1,Percent_WordProblems,1,1,82.0031806797917
Sultan,3,1,Percent_OfQuantity,0,1,67.36555795470031
Sultan,3,1,Percent_Change,1,1,83.48476539402387
Sultan,3,2,Percent_Basics,1,1,71.19360790831757
Sultan,3,2,Percent_ToFraction,1,1,80.94494414850378
Sultan,3,2,Percent_WordProblems,1,1,82.28185335549982
Sultan,3,2,Percent_OfQuantity,1,1,87.0836180436999
Sultan,3,2,Percent_Change,0,1,69.35444634185237
Sultan,4,1,Ratio_Basics,1,1,85.69677256322352
Sultan,4,1,Ratio_Simplify,1,1,80.91209653304121
Sultan,4,1,Proportion,0,1,68.5475960685234
Sultan,4,1,Ratio_WordProblems,0,1,67.04413699557176
Sultan,4,1,Rate,1,1,82.85090449322789
Sultan,4,2,Ratio_Basics,1,1,94.66361597507155
Sultan,4,2,Ratio_Simplify,1,1,73.66519019926652
Sultan,4,2,Proportion,1,1,99.79839204470653
Sultan,4,2,Ratio_WordProblems,1,1,85.12410417489014
Sultan,4,2,Rate,1,1,97.17471876368685
Sultan,5,1,Algebra_Variables,0,1,68.30343325143005
Sultan,5,1,Algebra_Equations,0,1,55.994595185197966
Sultan,5,1,Algebra_Substitution,0,1,62.76034976046786
Sultan,5,1,Algebra_Expressions,0,1,61.57176003412597
Sultan,5,1,Solve_for_x,0,1,69.71408206926691
Sultan,5,2,Algebra_Variables,1,1,83.76304643035522
Sultan,5,2,Algebra_Equations,0,1,60.19771618979343
Sultan,5,2,Algebra_Substitution,0,1,68.9659837470401
Sultan,5,2,Algebra_Expressions,1,1,73.80877474654908
Sultan,5,2,Solve_for_x,1,1,77.85196958516653
Saad,1,1,Fractions_Represent,1,1,87.88617821645796
Saad,1,1,Fractions_Equivalent,0,1,55.83473840493523
Saad,1,1,Fractions_Compare,1,1,72.6701131342457
Saad,1,1,Fractions_Decimal,0,1,63.58127018541022
Saad,1,1,Fractions_Simplify,1,1,79.35483292268984
Saad,1,2,Fractions_Represent,0,1,66.33559614802084
Saad,1,2,Fractions_Equivalent,1,1,80.47145406037373
Saad,1,2,Fractions_Compare,0,1,67.4730454637133
Saad,1,2,Fractions_Decimal,1,1,73.82167861879391
Saad,1,2,Fractions_Simplify,0,1,58.10581145823546
Saad,2,1,Decimals_PlaceValue,0,1,57.21730382621399
Saad,2,1,Decimals_Compare,0,1,47.90914750987788
Saad,2,1,Decimals_Operations,0,1,51.80211538917114
Saad,2,1,Decimals_ToFraction,0,1,46.154692973614374
Saad,2,1,Decimals_Round,0,1,58.166840312722115
Saad,2,2,Decimals_PlaceValue,0,1,69.67278022020167
Saad,2,2,Decimals_Compare,1,1,90.28982540280806
Saad,2,2,Decimals_Operations,1,1,91.104113160385
Saad,2,2,Decimals_ToFraction,1,1,84.28510077115047
Saad,2,2,Decimals_Round,1,1,76.34443509415972
Saad,3,1,Percent_Basics,1,1,70.7646379126982
Saad,3,1,Percent_ToFraction,0,1,65.37533336714826
Saad,3,1,Percent_WordProblems,1,1,77.26263266363789
Saad,3,1,Percent_OfQuantity,1,1,82.18801137512568
Saad,3,1,Percent_Change,1,1,75.40116324969442
Saad,3,2,Percent_Basics,1,1,88.3232148766778
Saad,3,2,Percent_ToFraction,1,1,82.69362069083506
Saad,3,2,Percent_WordProblems,1,1,83.53515250154368
Saad,3,2,Percent_OfQuantity,1,1,73.9234161376006
Saad,3,2,Percent_Change,1,1,88.62455098896494
Saad,4,1,Ratio_Basics,0,1,64.4123385369388
Saad,4,1,Ratio_Simplify,0,1,58.87483062185172
Saad,4,1,Proportion,0,1,55.25600688329619
Saad,4,1,Ratio_WordProblems,0,1,59.527876096118945
Saad,4,1,Rate,0,1,68.04709265731807
Saad,4,2,Ratio_Basics,1,1,80.49638745317236
Saad,4,2,Ratio_Simplify,1,1,74.70204386695889
Saad,4,2,Proportion,1,1,75.67972633721162
Saad,4,2,Ratio_WordProblems,1,1,75.74226248205999
Saad,4,2,Rate,1,1,76.3574728468183
Saad,5,1,Algebra_Variables,0,1,48.872588506090736
Saad,5,1,Algebra_Equations,0,1,62.71132064006018
Saad,5,1,Algebra_Substitution,0,1,53.92083001350453
Saad,5,1,Algebra_Expressions,0,1,59.64351451491429
Saad,5,1,Solve_for_x,0,1,56.22603493925264
Saad,5,2,Algebra_Variables,1,1,79.74096958230747
Saad,5,2,Algebra_Equations,1,1,93.44170212625922
Saad,5,2,Algebra_Substitution,0,1,60.96273524910021
Saad,5,2,Algebra_Expressions,1,1,80.26206408611905
Saad,5,2,Solve_for_x,1,1,72.02624667828005
Salman,1,1,Fractions_Represent,1,1,72.63447171778411
Salman,1,1,Fractions_Equivalent,1,1,76.20517636442732
Salman,1,1,Fractions_Compare,1,1,71.92038905858571
Salman,1,1,Fractions_Decimal,1,1,71.92704980871981
Salman,1,1,Fractions_Simplify,1,1,79.23878271601161
Salman,1,2,Fractions_Represent,0,1,66.87394117890598
Salman,1,2,Fractions_Equivalent,0,1,57.67728994229688
Salman,1,2,Fractions_Compare,0,1,54.87149167336442
Salman,1,2,Fractions_Decimal,1,1,74.06579487893289
Salman,1,2,Fractions_Simplify,1,1,78.3680263457491
Salman,2,1,Decimals_PlaceValue,1,1,92.56169170702626
Salman,2,1,Decimals_Compare,1,1,74.55348588691233
Salman,2,1,Decimals_Operations,1,1,82.51222023767573
Salman,2,1,Decimals_ToFraction,0,1,60.10702253490408
Salman,2,1,Decimals_Round,1,1,75.62070043080885
Salman,2,2,Decimals_PlaceValue,1,1,86.64163376522721
Salman,2,2,Decimals_Compare,1,1,92.35704953664195
Salman,2,2,Decimals_Operations,1,1,85.26576166691966
Salman,2,2,Decimals_ToFraction,1,1,90.16883720666785
Salman,2,2,Decimals_Round,1,1,95.51217616582197
Salman,3,1,Percent_Basics,0,1,48.39493472472597
Salman,3,1,Percent_ToFraction,0,1,66.47601295129583
Salman,3,1,Percent_WordProblems,0,1,49.30518948888963
Salman,3,1,Percent_OfQuantity,0,1,62.91599399577118
Salman,3,1,Percent_Change,1,1,75.82342780603179
Salman,3,2,Percent_Basics,1,1,76.7426040249086
Salman,3,2,Percent_ToFraction,1,1,83.88169438669826
Salman,3,2,Percent_WordProblems,1,1,71.89342057201941
Salman,3,2,Percent_OfQuantity,1,1,92.71558726719681
Salman,3,2,Percent_Change,1,1,70.24221745012473
Salman,4,1,Ratio_Basics,0,1,69.12626665598414
Salman,4,1,Ratio_Simplify,1,1,76.91968912133875
Salman,4,1,Proportion,1,1,76.31491279519456
Salman,4,1,Ratio_WordProblems,1,1,75.01166638570355
Salman,4,1,Rate,1,1,79.43882107196468
Salman,4,2,Ratio_Basics,1,1,80.84894437525548
Salman,4,2,Ratio_Simplify,1,1,77.5558617327059
Salman,4,2,Proportion,1,1,76.61241098568469
Salman,4,2,Ratio_WordProblems,1,1,75.1906409152579
Salman,4,2,Rate,1,1,71.2277043397613
Salman,5,1,Algebra_Variables,0,1,69.11057340373745
Salman,5,1,Algebra_Equations,1,1,73.13472610391804
Salman,5,1,Algebra_Substitution,0,1,65.80160429035614
Salman,5,1,Algebra_Expressions,1,1,70.51489216565635
Salman,5,1,Solve_for_x,1,1,78.22456499908611
Salman,5,2,Algebra_Variables,0,1,68.99363467709887
Salman,5,2,Algebra_Equations,0,1,68.97786456201794
Salman,5,2,Algebra_Substitution,1,1,82.2247892285792
Salman,5,2,Algebra_Expressions,1,1,73.44396175632369
Salman,5,2,Solve_for_x,0,1,61.140973335459016
Yazeed,1,1,Fractions_Represent,0,1,32.457895846320966
Yazeed,1,1,Fractions_Equivalent,0,1,36.62910867064507
Yazeed,1,1,Fractions_Compare,0,1,41.14759472364377
Yazeed,1,1,Fractions_Decimal,0,1,34.36420741191467
Yazeed,1,1,Fractions_Simplify,0,1,27.791907222544317
Yazeed,1,2,Fractions_Represent,0,1,51.39726930546273
Yazeed,1,2,Fractions_Equivalent,0,1,61.12718993999196
Yazeed,1,2,Fractions_Compare,0,1,49.129786270513705
Yazeed,1,2,Fractions_Decimal,0,1,54.36244697338669
Yazeed,1,2,Fractions_Simplify,0,1,54.07963955159021
Yazeed,2,1,Decimals_PlaceValue,0,1,44.062132952758034
Yazeed,2,1,Decimals_Compare,0,1,38.49375535123909
Yazeed,2,1,Decimals_Operations,0,1,34.14781287116705
Yazeed,2,1,Decimals_ToFraction,0,1,37.46218563409757
Yazeed,2,1,Decimals_Round,0,1,39.65504444994335
Yazeed,2,2,Decimals_PlaceValue,0,1,42.02530612681691
Yazeed,2,2,Decimals_Compare,0,1,58.7987590524179
Yazeed,2,2,Decimals_Operations,0,1,58.22576877700271
Yazeed,2,2,Decimals_ToFraction,0,1,32.55887736869911
Yazeed,2,2,Decimals_Round,0,1,48.935121494527074
Yazeed,3,1,Percent_Basics,0,1,65.78489259106664
Yazeed,3,1,Percent_ToFraction,0,1,54.56296877064739
Yazeed,3,1,Percent_WordProblems,0,1,51.486244951066126
Yazeed,3,1,Percent_OfQuantity,0,1,50.727226217458636
Yazeed,3,1,Percent_Change,0,1,53.47425921037802
Yazeed,3,2,Percent_Basics,0,1,49.75798065176273
Yazeed,3,2,Percent_ToFraction,0,1,53.38771983368466
Yazeed,3,2,Percent_WordProblems,0,1,44.6286040870453
Yazeed,3,2,Percent_OfQuantity,0,1,37.87874121585171
Yazeed,3,2,Percent_Change,0,1,54.77856902779675
Yazeed,4,1,Ratio_Basics,0,1,51.93979957982859
Yazeed,4,1,Ratio_Simplify,0,1,29.31159092945707
Yazeed,4,1,Proportion,0,1,61.806630001412856
Yazeed,4,1,Ratio_WordProblems,0,1,61.75489072333244
Yazeed,4,1,Rate,0,1,60.73296736641305
Yazeed,4,2,Ratio_Basics,0,1,56.0424933097907
Yazeed,4,2,Ratio_Simplify,0,1,60.23525824639687
Yazeed,4,2,Proportion,0,1,52.789301451501515
Yazeed,4,2,Ratio_WordProblems,0,1,62.00405182494988
Yazeed,4,2,Rate,0,1,59.25304681636405
Yazeed,5,1,Algebra_Variables,0,1,43.42272012017806
Yazeed,5,1,Algebra_Equations,0,1,34.55999149088103
Yazeed,5,1,Algebra_Substitution,0,1,33.5194049665941
Yazeed,5,1,Algebra_Expressions,0,1,39.28128051584658
Yazeed,5,1,Solve_for_x,0,1,47.88201195543616
Yazeed,5,2,Algebra_Variables,0,1,55.46596294173823
Yazeed,5,2,Algebra_Equations,1,1,70.33925484557417
Yazeed,5,2,Algebra_Substitution,0,1,58.407932687728604
Yazeed,5,2,Algebra_Expressions,0,1,44.48074184287179
Yazeed,5,2,Solve_for_x,0,1,52.40452015556795
Talal,1,1,Fractions_Represent,0,1,41.78827929795489
Talal,1,1,Fractions_Equivalent,0,1,35.630510264184394
Talal,1,1,Fractions_Compare,0,1,34.48743362382548
Talal,1,1,Fractions_Decimal,0,1,46.96413366704268
Talal,1,1,Fractions_Simplify,0,1,23.204792152220566
Talal,1,2,Fractions_Represent,0,1,35.0702215072491
Talal,1,2,Fractions_Equivalent,0,1,46.60995849592676
Talal,1,2,Fractions_Compare,0,1,35.917666122461256
Talal,1,2,Fractions_Decimal,0,1,40.361703522131165
Talal,1,2,Fractions_Simplify,0,1,56.50467588416974
Talal,2,1,Decimals_PlaceValue,0,1,44.356894355312306
Talal,2,1,Decimals_Compare,0,1,44.802979972795214
Talal,2,1,Decimals_Operations,0,1,45.50899449301802
Talal,2,1,Decimals_ToFraction,0,1,41.98047782368508
Talal,2,1,Decimals_Round,0,1,24.89636936610001
Talal,2,2,Decimals_PlaceValue,0,1,53.89926215402089
Talal,2,2,Decimals_Compare,0,1,44.36418717010186
Talal,2,2,Decimals_Operations,0,1,52.516879242882496
Talal,2,2,Decimals_ToFraction,0,1,62.506322154667885
Talal,2,2,Decimals_Round,0,1,51.63301822065959
Talal,3,1,Percent_Basics,0,1,50.21947658033143
Talal,3,1,Percent_ToFraction,0,1,36.893393655474604
Talal,3,1,Percent_WordProblems,0,1,44.73340571623201
Talal,3,1,Percent_OfQuantity,0,1,59.54656145128675
Talal,3,1,Percent_Change,0,1,54.658638603828365
Talal,3,2,Percent_Basics,1,1,81.78262358709493
Talal,3,2,Percent_ToFraction,1,1,79.19412405615714
Talal,3,2,Percent_WordProblems,0,1,66.49616078285975
Talal,3,2,Percent_OfQuantity,1,1,89.16098700894086
Talal,3,2,Percent_Change,0,1,64.21790649492077
Talal,4,1,Ratio_Basics,0,1,33.42384128209035
Talal,4,1,Ratio_Simplify,0,1,20.0
Talal,4,1,Proportion,0,1,39.82814592478956
Talal,4,1,Ratio_WordProblems,0,1,24.50011259968297
Talal,4,1,Rate,0,1,35.69561522562303
Talal,4,2,Ratio_Basics,1,1,82.30893774384752
Talal,4,2,Ratio_Simplify,1,1,79.98753378044007
Talal,4,2,Proportion,1,1,74.07370203820996
Talal,4,2,Ratio_WordProblems,1,1,73.9217492592298
Talal,4,2,Rate,1,1,80.19824659496349
Talal,5,1,Algebra_Variables,0,1,46.83011688026981
Talal,5,1,Algebra_Equations,0,1,56.017013124397565
Talal,5,1,Algebra_Substitution,0,1,59.53783963302365
Talal,5,1,Algebra_Expressions,0,1,42.196898163582674
Talal,5,1,Solve_for_x,0,1,45.365348676367304
Talal,5,2,Algebra_Variables,0,1,36.92233130019339
Talal,5,2,Algebra_Equations,0,1,55.85543515444475
Talal,5,2,Algebra_Substitution,0,1,47.75489150181828
Talal,5,2,Algebra_Expressions,0,1,40.4217254739
Talal,5,2,Solve_for_x,0,1,40.284637902665345
Ali,1,1,Fractions_Represent,0,1,55.14900993435324
Ali,1,1,Fractions_Equivalent,0,1,55.69902703854292
Ali,1,1,Fractions_Compare,0,1,47.78807540524935
Ali,1,1,Fractions_Decimal,0,1,40.38290605674695
Ali,1,1,Fractions_Simplify,0,1,49.75310623077934
Ali,1,2,Fractions_Represent,0,1,48.98510558365598
Ali,1,2,Fractions_Equivalent,0,1,33.17477634321821
Ali,1,2,Fractions_Compare,0,1,50.11929904572736
Ali,1,2,Fractions_Decimal,0,1,51.817553389651174
Ali,1,2,Fractions_Simplify,0,1,47.70691311925955
Ali,2,1,Decimals_PlaceValue,0,1,45.88537657509362
Ali,2,1,Decimals_Compare,0,1,49.918806285166866
Ali,2,1,Decimals_Operations,0,1,54.02014007406425
Ali,2,1,Decimals_ToFraction,0,1,51.63721416792275
Ali,2,1,Decimals_Round,0,1,45.26558545500207
Ali,2,2,Decimals_PlaceValue,0,1,40.301513505533634
Ali,2,2,Decimals_Compare,0,1,54.95295884754816
Ali,2,2,Decimals_Operations,0,1,49.445406053909515
Ali,2,2,Decimals_ToFraction,0,1,57.14286919275994
Ali,2,2,Decimals_Round,0,1,44.317768021737706
Ali,3,1,Percent_Basics,0,1,42.69448053299825
Ali,3,1,Percent_ToFraction,0,1,29.049727769489138
Ali,3,1,Percent_WordProblems,0,1,43.385658030664736
Ali,3,1,Percent_OfQuantity,0,1,36.70742380828447
Ali,3,1,Percent_Change,0,1,53.57606411204502
Ali,3,2,Percent_Basics,0,1,53.80171399261496
Ali,3,2,Percent_ToFraction,0,1,44.54911803158902
Ali,3,2,Percent_WordProblems,0,1,56.212613083917624
Ali,3,2,Percent_OfQuantity,0,1,59.371033233212714
Ali,3,2,Percent_Change,0,1,43.31019396339675
Ali,4,1,Ratio_Basics,0,1,63.88626379962737
Ali,4,1,Ratio_Simplify,0,1,64.7792350961154
Ali,4,1,Proportion,0,1,56.15608079806321
Ali,4,1,Ratio_WordProblems,0,1,57.51619832792113
Ali,4,1,Rate,0,1,62.89385556740772
Ali,4,2,Ratio_Basics,0,1,64.19950659330688
Ali,4,2,Ratio_Simplify,0,1,64.9691984506778
Ali,4,2,Proportion,0,1,63.051151725425115
Ali,4,2,Ratio_WordProblems,0,1,69.3793508710581
Ali,4,2,Rate,0,1,68.41254116406495
Ali,5,1,Algebra_Variables,0,1,68.44068230341765
Ali,5,1,Algebra_Equations,0,1,66.05959392194038
Ali,5,1,Algebra_Substitution,0,1,62.19893838345549
Ali,5,1,Algebra_Expressions,0,1,66.05074074815872
Ali,5,1,Solve_for_x,0,1,62.40522565250372
Ali,5,2,Algebra_Variables,1,1,78.74396149696739
Ali,5,2,Algebra_Equations,1,1,84.30921724842155
Ali,5,2,Algebra_Substitution,1,1,79.78847371333043
Ali,5,2,Algebra_Expressions,1,1,86.99020261324418
Ali,5,2,Solve_for_x,1,1,81.31036543024074
Bader,1,1,Fractions_Represent,0,1,54.46263263964076
Bader,1,1,Fractions_Equivalent,0,1,50.51412647588321
Bader,1,1,Fractions_Compare,0,1,57.51576648057865
Bader,1,1,Fractions_Decimal,0,1,41.91410094496516
Bader,1,1,Fractions_Simplify,0,1,58.49150074059238
Bader,1,2,Fractions_Represent,0,1,65.568426319425
Bader,1,2,Fractions_Equivalent,0,1,64.28104122885567
Bader,1,2,Fractions_Compare,0,1,48.79050119291371
Bader,1,2,Fractions_Decimal,0,1,62.334072487643574
Bader,1,2,Fractions_Simplify,0,1,61.84548267455444
Bader,2,1,Decimals_PlaceValue,0,1,45.278520479363486
Bader,2,1,Decimals_Compare,0,1,40.59224925668313
Bader,2,1,Decimals_Operations,0,1,47.46841536075465
Bader,2,1,Decimals_ToFraction,0,1,40.66113785975219
Bader,2,1,Decimals_Round,0,1,53.76626715449751
Bader,2,2,Decimals_PlaceValue,0,1,40.124088684965386
Bader,2,2,Decimals_Compare,0,1,37.70945265445522
Bader,2,2,Decimals_Operations,0,1,36.60966418539295
Bader,2,2,Decimals_ToFraction,0,1,41.75603045398949
Bader,2,2,Decimals_Round,0,1,47.56453209941489
Bader,3,1,Percent_Basics,0,1,54.393787018821975
Bader,3,1,Percent_ToFraction,0,1,59.25530204945186
Bader,3,1,Percent_WordProblems,0,1,46.20857290303816
Bader,3,1,Percent_OfQuantity,0,1,64.04450647430762
Bader,3,1,Percent_Change,0,1,48.97701106726885
Bader,3,2,Percent_Basics,0,1,49.10416332438612
Bader,3,2,Percent_ToFraction,0,1,58.238040025451966
Bader,3,2,Percent_WordProblems,1,1,71.95488544223129
Bader,3,2,Percent_OfQuantity,1,1,71.84323026199262
Bader,3,2,Percent_Change,0,1,55.36022892254684
Bader,4,1,Ratio_Basics,0,1,43.618093782863454
Bader,4,1,Ratio_Simplify,0,1,33.235863293326396
Bader,4,1,Proportion,0,1,57.36572048750352
Bader,4,1,Ratio_WordProblems,0,1,39.205108555700384
Bader,4,1,Rate,0,1,41.345491482753474
Bader,4,2,Ratio_Basics,1,1,88.22813680714243
Bader,4,2,Ratio_Simplify,1,1,75.20410786676568
Bader,4,2,Proportion,1,1,74.8182338994918
Bader,4,2,Ratio_WordProblems,0,1,64.7971575485655
Bader,4,2,Rate,1,1,89.34325789465738
Bader,5,1,Algebra_Variables,0,1,52.31708269279663
Bader,5,1,Algebra_Equations,0,1,46.905216361453476
Bader,5,1,Algebra_Substitution,0,1,62.733527943992385
Bader,5,1,Algebra_Expressions,0,1,43.36716874516679
Bader,5,1,Solve_for_x,0,1,57.4335120118444
Bader,5,2,Algebra_Variables,0,1,55.77372106468874
Bader,5,2,Algebra_Equations,1,1,70.1649046354218
Bader,5,2,Algebra_Substitution,0,1,64.68611825396023
Bader,5,2,Algebra_Expressions,0,1,42.99948857013734
Bader,5,2,Solve_for_x,1,1,77.77165786956775
Ahmed,1,1,Fractions_Represent,0,1,52.36216399557904
Ahmed,1,1,Fractions_Equivalent,0,1,48.10855905526606
Ahmed,1,1,Fractions_Compare,0,1,37.10087662976914
Ahmed,1,1,Fractions_Decimal,0,1,49.354655289369994
Ahmed,1,1,Fractions_Simplify,0,1,29.94022985346658
Ahmed,1,2,Fractions_Represent,0,1,53.56014638991739
Ahmed,1,2,Fractions_Equivalent,0,1,66.76537000236137
Ahmed,1,2,Fractions_Compare,0,1,54.05473269395015
Ahmed,1,2,Fractions_Decimal,0,1,43.95246300071999
Ahmed,1,2,Fractions_Simplify,0,1,49.46324208694642
Ahmed,2,1,Decimals_PlaceValue,0,1,56.759957060825535
Ahmed,2,1,Decimals_Compare,0,1,57.635523642315846
Ahmed,2,1,Decimals_Operations,0,1,65.37028355838747
Ahmed,2,1,Decimals_ToFraction,0,1,55.42701182102321
Ahmed,2,1,Decimals_Round,0,1,64.97054354475253
Ahmed,2,2,Decimals_PlaceValue,0,1,62.0198580957334
Ahmed,2,2,Decimals_Compare,0,1,48.93898262372619
Ahmed,2,2,Decimals_Operations,0,1,52.1210476814755
Ahmed,2,2,Decimals_ToFraction,0,1,62.10215600721972
Ahmed,2,2,Decimals_Round,0,1,56.84178159295306
Ahmed,3,1,Percent_Basics,0,1,34.39457918771397
Ahmed,3,1,Percent_ToFraction,0,1,37.08261151139804
Ahmed,3,1,Percent_WordProblems,0,1,40.62905699042315
Ahmed,3,1,Percent_OfQuantity,0,1,43.850553698078116
Ahmed,3,1,Percent_Change,0,1,43.28490079291208
Ahmed,3,2,Percent_Basics,0,1,62.77897865609275
Ahmed,3,2,Percent_ToFraction,0,1,62.70991852817582
Ahmed,3,2,Percent_WordProblems,0,1,42.71252307922018
Ahmed,3,2,Percent_OfQuantity,0,1,64.72869521437039
Ahmed,3,2,Percent_Change,0,1,57.70317481783524
Ahmed,4,1,Ratio_Basics,0,1,46.020623060110125
Ahmed,4,1,Ratio_Simplify,0,1,46.19896353388317
Ahmed,4,1,Proportion,0,1,58.12936670642766
Ahmed,4,1,Ratio_WordProblems,0,1,49.47131669437992
Ahmed,4,1,Rate,0,1,41.21377302222821
Ahmed,4,2,Ratio_Basics,0,1,66.01211101203037
Ahmed,4,2,Ratio_Simplify,0,1,60.784413998728034
Ahmed,4,2,Proportion,0,1,53.44041089139057
Ahmed,4,2,Ratio_WordProblems,0,1,55.56428313819131
Ahmed,4,2,Rate,0,1,63.87441617987899
Ahmed,5,1,Algebra_Variables,0,1,46.13563816858183
Ahmed,5,1,Algebra_Equations,0,1,34.666638243745076
Ahmed,5,1,Algebra_Substitution,0,1,62.346622841177805
Ahmed,5,1,Algebra_Expressions,0,1,58.66757311326096
Ahmed,5,1,Solve_for_x,0,1,46.37283545755507
Ahmed,5,2,Algebra_Variables,0,1,59.596977643788826
Ahmed,5,2,Algebra_Equations,0,1,57.35372658255305
Ahmed,5,2,Algebra_Substitution,0,1,56.84028122444153
Ahmed,5,2,Algebra_Expressions,0,1,50.7123626583858
Ahmed,5,2,Solve_for_x,0,1,66.81978966642846
testbnazoz,1,1,ضرب/قسمة الكسور,1,1,100
testbnazoz,1,1,مقارنة الأعداد النسبية,1,1,100
testbnazoz,1,1,الكسور,0,1,0
testbnazoz,1,1,ضرب/قسمة الكسور,0,1,0
testbnazoz,1,1,ضرب/قسمة الكسور,0,1,0
test66,1,1,جمع الكسور,0,1,0
test66,1,1,الكسور,0,1,0
test66,1,1,مقارنة الأعداد النسبية,0,1,0
test66,1,1,الكسور,1,1,100
test66,1,1,مقارنة الأعداد النسبية,0,1,0
test778,3,1,النسبة المئوية,0,1,0
test778,3,1,نسبة من كمية,0,1,0
test778,3,1,نسبة من كمية,0,1,0
test778,3,1,تحويل النسبة,0,1,0
test778,3,1,النسبة المئوية,1,1,100
test929,3,1,المعادلة المئوية,1,1,100
test929,3,1,التغير المئوي,1,1,100
test929,3,1,حساب النسبة,1,1,100
test929,3,1,النسبة المئوية,0,1,0
test929,3,1,تحويل النسب,0,1,0
